,Título da Publicação,Número do Processo,Valor (Valor Global) em R$
0,Extrato de Termo de Aditamento,2013-0.009.972-7,"14.100,00"
1,CONTRAÇÃO DE NATUREZA ARTÍSTICA,6025.2016/0000082-0,"14.000,00"
2,Extrato de Termo de Aditamento,2013-0.009.972-7,"14.100,00"
3,PROCESSO: 2015-0.272.291-3,2015-0.272.291-3,"30.560,00"
4,PENALIDADE,2015-0.245.159-6,
5,2015-0.038.991-5,2015-0.038.991-5,
6,DISPENSA DE LICITAÇÃO,6025.2016/0000004-8,"11.999.014,74"
7,EXTRATO DE ORDEM DE EXCECUÇÃO DE SERVIÇO,2015-0.336.332-1,
8,CONTRAÇÃO DE NATUREZA ARTÍSTICA,6025.2016/0000078-1,"55.000,00"
9,CONTRAÇÃO DE NATUREZA ARTÍSTICA,6025.2016/0000086-2,"15.000,00"
10,Extrato de Termo de Aditamento,2013-0.340.867-4,"14.100,00"
11,Processo nº 2014-0.284.053-1 ,2014-0.284.053-1,
12,CONTRAÇÃO DE NATUREZA ARTÍSTICA,6025.2016/0000152-4,"20.000,00"
13,,2012-0.028.565-0,"567.741,32"
14,,2015-0.197.908-2,
15,,2012-0.282.493-1,"1.226.068,40"
16,,2015-0.052.771-4,
17,EXPEDIENTE Nº 1226/14 - VOL. 2,,"7.750,00"
18,,2013-0.217.753-9,"150.179,78"
19,DEPARTAMENTO DE ALIMENTAÇÃO ESCOLAR,2015-0.336.152-3,"4.714.286,40"
20,,2016-0.009.161-6,"671.568,00"
21,PROCESSO: 2015-0.260.904-1,2015-0.260.904-1,
22,,2015-0.325.474-3,"574,98"
23,,2015-0.265.882-4,"574,98"
24,Extrato de Termo de Aditamento,2013-0.009.972-7,"14.100,00"
25,PROCESSO: 2014-0.283.501-5,2014-0.283.501-5,
26,,2012-0.232.272-3,"1.535.274,20"
27,Extrato de Termo de Aditamento,2013-0.009.972-7,"14.100,00"
28,Extrato de Termo de Aditamento,2013-0.009.972-7,"14.100,00"
29,REPUBLICADO POR TER SAÍDO COM INCORREÇÃO NO DOC DE 27/01/2016 – PÁGINA 60,2011-0.141.299-9,"2.842.398,80"
30,NOTIFICAÇÃO,2015-0.338.414-0,
31,EXTRATOS DE CONVÊNIOS,2013.0.272.832.2,
32,,2015-0.267.412-9,"572.321,28"
33,DEPARTAMENTO DE ALIMENTAÇÃO ESCOLAR,2015-0.336.161-2,"13,22"
34,Extrato de Termo de Aditamento,2013-0.175.661-6,"14.100,00"
35,Extrato de Termo de Aditamento,2014-0.076.347-5,"14.100,00"
36,,2012-0.008.327-6,"1.221.637,55"
37,NOTIFICAÇÃO,2015-0.338.403-5,
38,DESPACHO DE HOMOLOGAÇÃO,2015-0.302.232-0,"4.382,52"
39,Processo nº 2014-0.266.362-1,2014-0.266.362-1,
40,DESPACHOS DO SECRETÁRIO,2015-0.162.222-2,
41,CONTRAÇÃO DE NATUREZA ARTÍSTICA,6025.2016/0000136-2,"80.000,00"
42,Extrato de Termo de Aditamento,2014-0.348.347-3,"14.100,00"
43,,2013-0.341.727-4,"613.430,59"
44,Extrato de Termo de Aditamento,2013-0.175.661-6,"14.100,00"
45,,2014-0.283.028-5,"628.393,04"
46,CONTRAÇÃO DE NATUREZA ARTÍSTICA,6025.2016/0000079-0,"8.000,00"
47,Extrato de Termo de Aditamento,2013-0.009.972-7,"14.100,00"
48,Extrato de Termo de Aditamento,2013-0.009.972-7,"14.100,00"
49,CONTRAÇÃO DE NATUREZA ARTÍSTICA,6025.2016/0000151-6,"8.000,00"
50,EXTRATO DE TERMO DE REPASSE PNAE/SME/DRE No 24 -- 2016 – SM - CEI RUGRAT’S OS ANJINHOS- CNPJ DA UNIDADE: 73.427.775/0002/00 ,2015-0.335.967-7,
51,DIRETORIA REGIONAL DE EDUCAÇÃO PIRITUBA,2016-0.010.228-6,"829.724,39"
52,,2015-0.235.035-8,"574,98"
53,CONTRAÇÃO DE NATUREZA ARTÍSTICA,6025.2016/0000142-7,"50.000,00"
54,CONTRAÇÃO DE NATUREZA ARTÍSTICA,6025.2016/0000114-1,"58.000,00"
55,DIRETORIA REGIONAL DE EDUCAÇÃO SÃO MATEUS,2014-0.162.291-3,
56,INTIMAÇÃO,2015-0.062.758-1,
57,EXTRATOS DE CONVÊNIOS,2013.0.276.343.8,"0,99"
58,,2015-0.324.094-7,"574,98"
59,INTIMAÇÃO,2015-0.256.186-3,
60,COTAÇÃO ELETRONICA,2015-0.248.356-0,
61,DESPACHOS DO SECRETÁRIO,2015-0.285.582-4,"399.055,61"
62,Extrato de Termo de Aditamento,2013-0.009.972-7,"33.600,00"
63,DESPACHO,2011-0.320.500-1,"673,59"
64,CONTRAÇÃO DE NATUREZA ARTÍSTICA,6025.2016/0000025-0,"30.000,00"
65,,2013-0.217.753-9,"1.005.459,84"
66,,2012-0.308-577-6,"1.437.173,40"
67,CONTRAÇÃO DE NATUREZA ARTÍSTICA,6025.2016/0000109-5,"66.000,00"
68,DIRETORIA REGIONALDE EDUCAÇÃO SÃO MATEUS,2015-0.007.479-5,"45,00"
69,EXPEDIENTE Nº 1.380/14,,
70,,2015-0.306.239-9,"574,98"
71,GABINETE DO SUBPREFEITO,2016-0.018.185-2,"750.900,21"
72,GABINETE DO SUBPREFEITO,2011-0.328.972-8,"37.384,43"
73,,2014-0.262.083-3,"1.068.692,80"
74,Extrato de Termo de Aditamento,2014-0.234.520-4,"14.100,00"
75,2015-0.321.481-4: Movimento de Orientação à Criança e ao Adolescente - MOCA: Celebração de Convênio Emergencial,2015-0.321.481-4,"68.454,62"
76,NOTIFICAÇÃO,2015-0.340.621-7,
77,EXTRATOS DE CONVÊNIOS,2013.0.007.389.2,
78,GABINETE DO SUBPREFEITO,2016-0.018.174-7,"314.762,80"
79,,2011-0.073.281-7,"75.653,16"
80,Extrato de Termo de Aditamento,2013-0.009.972-7,"14.100,00"
81,DIRETORIA REGIONAL DE EDUCAÇÃO DE GUAIANASES,2016-0.000.105-3,"7.990,00"
82,,2014-0.348.392-9,"8.411,41"
83,CONTRAÇÃO DE NATUREZA ARTÍSTICA,6025.2016/0000154-0,"117.650,00"
84,,,"135,99"
85,PROCESSO: 2014-0.146.057-3,2014-0.146.057-3,"64.589,54"
86,CONTRAÇÃO DE NATUREZA ARTÍSTICA,6025.2016/0000023-4,"13.000,00"
87,Extrato de Termo de Aditamento,2015-0.057.663-4,"14.100,00"
88,DIRETORIA REGIONAL DE EDUCAÇÃO PIRITUBA,2016-0.010.230-8,"7.501.979,76"
89,Extrato de Termo de Aditamento,2013-0.009.972-7,"14.100,00"
90,CONTRAÇÃO DE NATUREZA ARTÍSTICA,6025.2016/0000111-7,"70.240,00"
91,Processo nº 2014-0.284.044-2  ,2014-0.284.044-2,
92,19º Aditamento ao Contrato de Gestão,2013-0.121.329-9,"106.530.200,00"
93,NOTIFICAÇÃO,2016-0.002.045-0,
94,NOTIFICAÇÃO,2015-0.289.581-8,
95,Extrato de Termo de Aditamento,2013-0.009.972-7,"14.100,00"
96,Extrato de Termo de Aditamento,2014-0.347.197-1,"14.100,00"
97,Extrato de Termo de Aditamento,2013-0.009.972-7,"14.100,00"
98,,2013-0.098.717-7,"136.042,99"
99,CONTRAÇÃO DE NATUREZA ARTÍSTICA,6025.2016/0000146-0,"140.000,00"
100,2015-0.140.657-0-,2015-0.140.657-0,
101,,2015-0.161.133-6,"1.011.743,20"
102,,2015-0.031.006-5,"423,00"
103,GABINETE DO SUBPREFEITO,2016-0.018.194-1,"566.468,58"
104,,2012-0.096.546-5,"577.258,64"
105,,2012-0.308.564-4,"1.069.705,00"
106,Diretoria Regional de Educação de Itaquera,2015-0.277.213-9,
107,Extrato de Termo de Aditamento,2013-0.009.972-7,"14.100,00"
108,PROCESSO: 2014-0.146.058-1,2014-0.146.058-1,"146.762,34"
109,Extrato de Termo de Aditamento,2013-0.009.972-7,"24.000,00"
110,AVISO DE ESCLARECIMENTO Nº  03,,
111,PENALIDADE,2015-0.276.489-6,
112,,2015-0.267.436-6,"1.593.447,72"
113,,2016-0.008.694-9,"5.916.000,00"
114,,2014-0.169.823-5,"873075,44"
115,Processo nº 2014-0.266.370-2,2014-0.266.370-2,
116,PROCESSO: 2015-0.260.910-6,2015-0.260.910-6,"7,38"
117,CONTRAÇÃO DE NATUREZA ARTÍSTICA,6025.2016/0000043-9,"4.000,00"
118,2013-0.227.556-5-,2013-0.227.556-5,
119,CONTRAÇÃO DE NATUREZA ARTÍSTICA,6025.2016/0000133-8,"15.000,00"
120,DESPACHO,2015-0.038.352-6,"60,00"
121,,2015-0.332.110-6,"7.680,00"
122,CONTRAÇÃO DE NATUREZA ARTÍSTICA,6025.2016/0000124-9,"25.000,00"
123,,2010-0.286.217-1,"30.625,98"
124,CONTRAÇÃO DE NATUREZA ARTÍSTICA,6025.2016/0000103-6,"95.500,00"
125,Extrato de Termo de Aditamento,2015-0.057.622-7,"14.100,00"
126,CONTRAÇÃO POR ADESÃO A ATA DE REGISTRO DE PREÇOS.,6025.2016/0000072-2,"707.343,30"
127,CONTRAÇÃO DE NATUREZA ARTÍSTICA,6025.2016/0000106-0,"35.000,00"
128,Extrato de Termo de Aditamento,2015-0.005.388-7,"14.100,00"
129,2013-0.282.653-7-,2013-0.282.653-7,"417,94"
130,GABINETE DO SUBPREFEITO,2014-0.201.786-0,"1.066,91"
131,EXTRATOS DE CONVÊNIOS,2013.0.233.321.2,
132,DIRETORIA REGIONAL DE EDUCAÇÃO PIRITUBA,2015-0.286.941-8,
133,CONTRAÇÃO DE NATUREZA ARTÍSTICA,6025.2016/0000140-0,"80.000,00"
134,Extrato de Termo de Aditamento,2013-0.009.972-7,"14.100,00"
135,Comissão de Licitação,2015-0.302.232-0,"4.382,52"
136,,2012-0.336.487-0,"95.719,40"
137,,2015-0.272.239-5,"574,98"
138,EXTRATOS DE CONVÊNIOS,2015.0.236.241.0,
139,DIRETORIA REGIONAL DE EDUCAÇÃO SÃO MATEUS,2012-0.318.068-0,
140,Extrato de Termo de Aditamento,2013-0.009.972-7,"14.100,00"
141,,2015-0.306.230-5,"574,98"
142,CONTRAÇÃO DE NATUREZA ARTÍSTICA,6025.2016/0000061-7,"6.000,00"
143,CONTRAÇÃO DE NATUREZA ARTÍSTICA,6025.2016/0000093-5,"7.000,00"
144,NOTIFICAÇÃO,2015-0.303.421-2,
145,Diretoria Regional de Educação Itaquera,2011-0.340.198-6,
146,CONTRAÇÃO DE NATUREZA ARTÍSTICA,6025.2016/0000119-2,"56.000,00"
147,Extrato de Termo de Aditamento,2013-0.009.972-7,"14.100,00"
148,NOTIFICAÇÃO,2015-0.219.383-0,
149,Extrato de Termo de Aditamento,2014-0.354.853-2,"14.100,00"
150,,2011-0.215.518-3,"493.667,87"
151,Extrato de Termo de Aditamento,2014-0.079.322-6,"24.000,00"
152,,2015-0.184.423-3,"825.556,00"
153,,2015-0.267.422-6,"1.300.001,40"
154,CONTRAÇÃO DE NATUREZA ARTÍSTICA,6025.2016/0000148-6,"82.000,00"
155,,2012-0.279.940-6,"713.624,08"
156,SUPERVISÃO DE LICITAÇÃO – SGAF-2,2015-0.094.651-2,
157,,2014-0.256.280-9,"1.475.123,00"
158,Extrato de Termo de Aditamento,2013-0.009.972-7,"14.100,00"
159,PENALIDADE,2015-0.270.068-5,
160,DESPACHO,2015-0.260.671-9,
161,DEPARTAMENTO DE ALIMENTAÇÃO ESCOLAR,2015-0.336.156-6,"12,80"
162,EXTRATOS DE CONVÊNIOS,2013.0.141.822.2,"8.219,43"
163,,2015-0.286.170-0,"672,86"
164,ORDEM DE EXECUÇÃO DE SERVIÇOS nº 018/SP-AD/2015,2015-0.286.339-8,"14.688,06"
165,,2015-0.235.032-3,"574,98"
166,,2015-0.257.706-9,"1.656.912,72"
167,ATA DE ABERTURA Nº 03/16,,"95.900,00"
168,EXTRATOS DE CONVÊNIOS,2013.0.258.345.6,
169,DESPACHO DO DIRETOR REGIONAL DE EDUCAÇÃO-,2014-0.159.895-8,
170,,2015-0.056.456-3,"422.770,00"
171,,2013-0.217.753-9,"1.077.075,72"
172,DIRETORIA REGIONAL DE EDUCAÇÃO SÃO MATEUS,2014-0.140.779-6,
173,CONTRAÇÃO DE NATUREZA ARTÍSTICA,6025.2016/0000073-0,"1.500,00"
174,DIRETORIA REGIONAL DE EDUCAÇÃO SÃO MATEUS,2012-0.050.139-6,
175,,2014-0.040.593-5,"693.714,44"
176,Extrato de Termo de Aditamento,2015-0.060.310-0,"14.100,00"
177,DIRETORIA REGIONAL DE EDUCAÇÃO SÃO MATEUS,2012-0.321.161-5,
178,PENALIDADE,2015-0.243.381-4,"58,49"
179,Extrato de Termo de Aditamento,2013-0.009.972-7,"14.100,00"
180,INTIMAÇÃO,2015-0.206.123-2,
181,CAF-EXTRATO DE  ADITAMENTO,2012-0.282.761-2,"529.536,36"
182,COMISSÃO PERMANENTE DE LICITAÇÕES,2015-0.275.734-2,"170,00"
183,,2014-0.262.094-9,"1.109.318,80"
184,,2014-0.040.593-5,"693.714,44"
185,CONTRAÇÃO DE NATUREZA ARTÍSTICA,6025.2016/0000149-4,"65.000,00"
186,,2015-0.297.980-9,"574,80"
187,,2010-0.197.401-4,
188,CONTRAÇÃO DE NATUREZA ARTÍSTICA,6025.2016/0000141-9,"59.000,00"
189,,2015-0.147.407-0,"682.742,12"
190,,2011-0.296.330-1,"30.900,00"
191,,2014-0.291.290-7,"1.188.439,20"
192,CONTRAÇÃO DE NATUREZA ARTÍSTICA,6025.2016/0000145-1,"20.000,00"
193,DEPARTAMENTO DE ALIMENTAÇÃO ESCOLAR,2015-0.336.167-1,"13,42"
194,EXPEDIENTE Nº 15/15,,"65,28"
195,EXTRATO DE CONTRATO,,"423.000,00"
196,GABINETE DO SUBPREFEITO,2016-0.003.943-6,"50.452,14"
197,,2012-0.096.546-5,"577.258,64"
198,CONTRAÇÃO DE NATUREZA ARTÍSTICA,6025.2016/0000153-2,"11.000,00"
199,,2015-0.167.418-4,"922.626,40"
200,,2015-0.329.778-7,"774.140,00"
201,DIRETORIA REGIONAL DE EDUCAÇÃO GUAIANASES,2015-0.235.051-0,"574,98"
202,CONTRAÇÃO DE NATUREZA ARTÍSTICA,6025.2016/0000062-5,"60.000,00"
203,AVISO DE ABERTURA DE LICITAÇÃO,2015-0.247.614-9,"0,16"
204,NOTIFICAÇÃO,2015-0.340.603-9,
205,,2014-0.294.430-2,"574,80"
206,PROCESSO: 2015-0.242.498-0,2015-0.242.498-0,
207,Processo nº 2015-0.077.102-0,2015-0.077.102-0,
208,COORDENADORIA DE ADMINISTRAÇÃO E FINANÇAS,2014-0.275.416-3,"42.262,00"
209,EXTRATOS DE CONVÊNIOS,2013.0.252.436.0,
210,,2015-0.336.696-7,"574,98"
211,CONTRAÇÃO DE NATUREZA ARTÍSTICA,6025.2016/0000150-8,"60.000,00"
212,,2015-0.327.009-9,"574,98"
213,Processo nº 2014-0.284.056-6,2014-0.284.056-6,
214,,2012-0.308.441-9,"735.820,80"
215,Extrato do Aditamento nº 003/16,2014-0.092.212-3,
216,CONTRAÇÃO DE NATUREZA ARTÍSTICA,6025.2016/0000129-0,"16.000,00"
217,Extrato de Termo de Aditamento,2013-0.175.661-6,"14.100,00"
218,DIRETORIA REGIONAL DE EDUCAÇÃO CAPELA DO SOCORRO,6016.2016/0000075-8,"8.000,00"
219,,2013-0.298.661-5,"280.074,18"
220,Extrato de Termo de Aditamento,2013-0.009.972-7,"14.100,00"
221,,2015-0.303.115-9,"574,98"
222,PROCESSO: 2015-0.260.904-1,2015-0.260.904-1,
223,,2014-0.188.559-0,"78.714,35"
224,DIRETORIA REGIONAL DE EDUCAÇÃO - PENHA,2011-0.330.999-0,"574,98"
225,,2015-0.181.330-3,"772.636,00"
226,DIRETORIA REGIONAL DE EDUCAÇÃO SÃO MATEUS,2012-0.321.179-8,
227,,2011-0.131.107-6,"1.119.747,60"
228,DIVISÃO DE COMPRAS E CONTRATOS - DICOM,2013-0.175.334-0,"4.418,85"
229,Supervisão de Administração e Suprimentos,2014-0.207.159-7,"1.157.015,16"
230,DIVISÃO DE LICITAÇÕES E CONTRATOS,2012-0.241.927-1,
231,PROCESSO: 2014-0.148.783-8,2014-0.148.783-8,"11,96"
232,CONTRAÇÃO DE NATUREZA ARTÍSTICA,6025.2016/0000071-4,"4.999,99"
233,ATA DA SESSÃO PÚBLICA,2015.0.302.251-6,
234,,2015-0.202.622-4,"900,00"
235,DESPACHO DO DIRETOR REGIONAL DE EDUCAÇÃO-,2015-0.121.315-2,"15.996,64"
236,CONTRAÇÃO DE NATUREZA ARTÍSTICA,6025.2016/0000143-5,"70.000,00"
237,,2011-0.118.317-5,"1.316.190,40"
238,PROCESSO: 2015-0.224.727-1,2015-0.224.727-1,
239,Processo nº 2014-0.284.048-5,2014-0.284.048-5,
240,EXTRATO DO TERMO DE CONVÊNIO Nº 001/DRE/2016 DE 29/01/2016 – MOVA – DRE IPIRANGA,2015-0.309.096-1,"1.250,77"
241,,2012-0.308.418-4,"1.198.839,20"
242,CONTRAÇÃO DE NATUREZA ARTÍSTICA,6025.2016/0000115-0,"15.000,00"
243,,2014-0.300.131-2,"1.087.642,40"
244,REVOGAÇÃO,2015-0.195.030-0,
245,,2012-0.060.909-0,"609.248,00"
246,DIRETORIA REGIONAL DE EDUCAÇÃO PIRITUBA,2015-0.329.096-0,"14.838,51"
247,2012-0.013.790-2,2012-0.013.790-2,
248,PROCESSO: 2015-0.170.375-3,2015-0.170.375-3,
249,PROCESSO: 2013-0.235.936-0,2013-0.235.936-0,
250,Extrato de Termo de Aditamento,2013-0.009.972-7,"14.100,00"
251,AVISO DE ABERTURA DE LICITAÇÃO,2015-0.247.709-9,"0,16"
252,Extrato de Termo de Aditamento,2013-0.009.972-7,"14.100,00"
253,,2015-0.286.726-1,"1.033,00"
254,,2012-0.201.515-4,"372.444,12"
255,EXPEDIENTE Nº 1.380/14,,"139.894,00"
256,PROCESSO: 2014-0.148.783-8,2014-0.148.783-8,
257,DIRETORIA REGIONAL DE EDUCAÇÃO - PENHA,2015-0.267.741-1,"574,98"
258,,2012-0.244.830-1,
259,PROCESSO: 2015-0.268.935-0,2015-0.268.935-0,
260,,2014-0.053.439-5,"562.764,40"
261,DEPARTAMENTO DE ALIMENTAÇÃO ESCOLAR,2015-0.115.133-5,
262,INTIMAÇÃO,2015-0.082.018-7,
263,,2014-0.295.752-8,"959.589,60"
264,PROCESSO: 2015-0.005.286-4,2015-0.005.286-4,
265,DIRETORIA REGIONAL DE EDUCAÇÃO – BUTANTÃ,2015-0.285.254-0,"574,98"
266,Processo nº 2014-0.266.361-3  ,2014-0.266.361-3,
267,DIRETORIA REGIONAL DE EDUCAÇÃO PENHA,2015-0.199.707-2,"574,98"
268,CONTRAÇÃO DE NATUREZA ARTÍSTICA,6025.2016/0000139-7,"4.600,00"
269,INTIMAÇÃO,2015-0.165.962-2,
270,,2015-0.267.431-5,"797.156,00"
271,CONTRAÇÃO DE NATUREZA ARTÍSTICA,6025.2016/0000066-8,"57.000,00"
272,CONTRAÇÃO DE NATUREZA ARTÍSTICA,6025.2016/0000095-1,"7.600,00"
273,DEPARTAMENTO DE ALIMENTAÇÃO ESCOLAR,2015-0.041.018-3,
274,DIRETORIA REGIONAL DE EDUCAÇÃO SÃO MATEUS,2012-0.321.176-3,
275,DIRETORIA REGIONAL DE EDUCAÇÃO SÃO MATEUS,2012-0.321.163-1,
276,NOTIFICAÇÃO,2015-0.278.601-6,
277,PROCESSO: 2014-0.056.868-0,2014-0.056.868-0,
278,"Lei Municipal nº 13.278/02 e do Decreto nº 44.279/03, bem como observadas as disposições e alterações trazidas pelo Decreto nº 56.144/15",2015-0.341.126-1,"64.194,00"
279,,2013-0.107.799-9,"48.266,96"
280,,2016-0.009.056-3,"8.036.760,00"
281,DIRETORIA REGIONAL DE EDUCAÇÃO SÃO MATEUS,2015-0.305.404-3,"8.000,00"
282,PROCESSO: 2015-0.242.498-0,2015-0.242.498-0,
283,PROCESSO: 2014-0.224.511-0,2014-0.224.511-0,
284,,2012-0.123.274-7,"1.026.670,00"
285,Extrato de Termo de Aditamento,2015-0.082.895-1,"25.200,00"
286,DIRETORIA REGIONAL DE EDUCAÇÃO PIRITUBA,2016-0.010.234-0,"5.915,04"
287,Extrato de Termo de Aditamento,2013-0.009.972-7,"14.100,00"
288,Extrato de Termo de Aditamento,2013-0.009.972-7,"14.100,00"
289,Extrato de Termo de Aditamento,2014-0.143.135-2,"14.100,00"
290,DEPARTAMENTO DE ALIMENTAÇÃO ESCOLAR,2015-0.336.166-3,"13,42"
291,,2015-0.055.798-2,"6.600,00"
292,AVISO DE ABERTURA DE LICITAÇÃO,2015-0.269.093-0,"0,16"
293,Extrato de Termo de Aditamento,2013-0.009.972-7,"14.100,00"
294,,2014-0.180.007-2,"1.121.605,80"
295,,2013-0.217.753-9,"307.509,39"
296,2015-0.208.903-0,2015-0.208.903-0,
297,,2015-0.173.362-8,"944.260,00"
298,CONTRAÇÃO DE NATUREZA ARTÍSTICA,6025.2016/0000126-5,"80.000,00"
299,EXPEDIENTE 040/15,,"1.241.318,90"
300,,2014-0.169.825-1,"666.250,20"
301,CONTRAÇÃO DE NATUREZA ARTÍSTICA,6025.2016/0000155-9,"140.000,00"
302,RELAÇÃO DE ADICIONAIS POR TEMPO DE SERVIÇO NOS TERMOS DO ARTIGO,,
303,do processo n.º 20160.019.329-0,2016-0.019.2,"12.261,48"
304,TID: 14580613,2008-0.194.011-3,"35.496.356,85"
305,Portaria nº 002/SP-VM/GAB- AJ/16,,
306,DESPACHO DO SUPERINTENDENTE,,
307,Processo Eletrônico nº 6074.2016/0000039-8,6074.2016/0000039-8,
308,,,
309,"DECRETO  Nº 56.780, DE  27  DE  JANEIRO  DE  2016",,
310,SUPERVISÃO DE GESTÃO DE PESSOAS,,
311,,,
312,SISTEMA MUNICIPAL DE PROCESSOS - SIMPROC COMUNIQUE-SE: EDITAL 2016-1-015,2011-0.158.861-2,
313,DIVISÃO MÉDICA - DESS - 1,,
314,NOTIFICAÇÃO,2014-0.292.006-3,
315,SISTEMA MUNICIPAL DE PROCESSOS - SIMPROC DESPACHOS: LISTA 2016-2-015,2016-0.010.387-8,
316,GABINETE DO SUBPREFEITO,2015-0.272.606-4,
317,SUPERVISAO DE GESTAO DE PESSOAS,,
318,Processo Eletrônico nº 6074.2016/0000032-0,6074.2016/0000032-0,
319,Processo Eletrônico nº6074.2016/0000034-7,6074.2016/0000034-7,
320,"DIVISÃO TÉCNICA DE FISCALIZAÇÃO, COMUNICAÇÕES E INFORMAÇÕES - CECOM",,
321,EXTRATO DE TERMO DE PARCERIA,2015-0.305.650-0,
322,,2012-0.106.801-7,
323,DIRETORIA REGIONAL DE EDUCAÇÃO - JAÇANÃ/TREMEMBÉ,,
324,Processo Eletrônico nº 6074.2016/0000038-0,6074.2016/0000038-0,
325,SISTEMA MUNICIPAL DE PROCESSOS - SIMPROC DESPACHOS: LISTA 2016-2-015,2015-0.319.440-6,
326,AFASTAMENTO PARA CONGRESSO,2015-0.293.369-8,
327,Processo Eletrônico nº 6074.2016/0000043-6,6074.2016/0000043-6,
328,AVISOS IMPORTANTES,,
329,GRATIFICAÇÃO DE FUNÇÃO,,
330,SISTEMA MUNICIPAL DE PROCESSOS - SIMPROC COMUNIQUE-SE: EDITAL 2016-1-015,2013-0.028.200-9,
331,DIVISÃO DE REGISTRO E CONTROLE DE CONCESSÕES,2015-0.185.510-3,
332,,2013-0.279.915-7,
333,DIRETORIA REGIONAL DE EDUCAÇÃO  GUAIANASES,,
334,DIRETORIA REGIONAL DE EDUCAÇÃO - PENHA,2015-0.300.747-9,
335,P A U T A,,
336,RESUMO DE  TERMO DE CREDENCIAMENTO E TERMOS ADITIVOS REGISTRADOS NA GERÊNCIA DE CONTRATAÇÕES ADMINISTRATIVAS - DA/SLC/GCA DA SÃO PAULO TRANSPORTE S.A.,2015/0402-0,"27.600.000,00"
337,DIVISÃO DE CADASTRO DE IMÓVEIS - DICIM,2015-0.165.230-0,
338,BAIXA DE BENS PATRIMONIAIS,2015-0.312.973-6,
339,DIRETORIA REGIONAL DE EDUCAÇÃO - CAMPO LIMPO,,
340,PORTARIAS EXPEDIDAS PELO CHEFE DE GABINETE,,
341,SISTEMA MUNICIPAL DE PROCESSOS - SIMPROC DESPACHOS: LISTA 2016-2-015,2014-0.109.524-7,
342,SISTEMA MUNICIPAL DE PROCESSOS - SIMPROC DESPACHOS: LISTA 2016-2-015,2014-0.112.088-8,
343,,,
344,SISTEMA MUNICIPAL DE PROCESSOS - SIMPROC COMUNIQUE-SE: EDITAL 2016-1-015,2014-0.120.535-2,
345,ATA DA 2.848ª SESSÃO ,,
346,RELAÇÃO DE ADICIONAIS POR TEMPO DE SERVIÇO NOS TERMOS DO ARTIGO 112 DA LEI Nº 8989/79.,,
347,PORTARIA Nº 002 / SP-IP / GAB/ 2016,2015-0.238.097-4,
348,Despacho:  do Processo 2003-1.011.066-8 ,2003-1.011.066-8,
349,SUPERVISÃO DE GESTÃO DE PESSOAS  SGAF-2  SEL,,
350,,,
351,DIVISÃO DE RECURSOS HUMANOS/ CONAE 2,2014-0.244.027-4,
352,,,
353,SISTEMA MUNICIPAL DE PROCESSOS - SIMPROC COMUNIQUE-SE: EDITAL 2016-1-015,2015-0.107.145-5,
354,DIRETORIA REGIONAL DE EDUCAÇÃO  GUAIANASES,,
355,DESPACHO DO SUBPREFEITO ,,
356,COMUNICADO SAS FREGUESIA/BRASILÂNDIA,,
357,DIVISÃO DE LANÇAMENTO COBRANÇA E PARCELAMENTO  DICOP,2015-0.064.809-0,"94,54"
358,PENDÊNCIAS REFERENTES AO REQUERIMENTO DE LICENÇA PARA O TRANSPORTE DE PRODUTOS PERIGOSOS-LETPP,2014-0.097.727-0,
359,DESPACHO DO CHEFE DE GABINETE,,
360,Processo Eletrônico nº6074.2016/0000030-4,6074.2016/0000030-4,
361,Processo Eletrônico nº 6074.2016/0000052-5,6074.2016/0000052-5,
362,COORDENAÇÃO DE GESTÃO DE PESSOAS - CGP,2015-0.297.835-7,
363,,,
364,TORNANDO SEM EFEITO,,
365,"CONSELHO MUNICIPAL DE PRESERVAÇÃO DO PATRIMÔNIO HISTÓRICO, CULTURAL E AMBIENTAL DA CIDADE DE SÃO PAULO  CONPRESP",2007-0.080.541-5,
366,,2015-0.157.149-0,
367,QUADRO DA SAÚDE  QAA,,
368,EQUIPE DA SECRETARIA DAS COMISSÕES DO PROCESSO LEGISLATIVO   SGP - 12,2013.0.221.702-6,
369,SISTEMA MUNICIPAL DE PROCESSOS - SIMPROC DESPACHOS: LISTA 2016-2-015,2015-0.138.862-9,
370,SISTEMA MUNICIPAL DE PROCESSOS - SIMPROC COMUNIQUE-SE: EDITAL 2016-1-015,2015-0.241.610-3,
371,"PORTARIA 144, DE 27 DE JANEIRO DE 2016",2015-0.321.424-5,"5.000,00"
372,SISTEMA MUNICIPAL DE PROCESSOS - SIMPROC COMUNIQUE-SE: EDITAL 2016-1-015,2015-0.233.120-5,
373,AUTORIZAÇÃO DE EMPENHO,2016-0.017.128-8,"500,00"
374,SISTEMA MUNICIPAL DE PROCESSOS - SIMPROC DESPACHOS: LISTA 2016-2-015,2013-0.255.355-7,
375,Processo Eletrônico nº 6074.2016/0000028-2,6074.2016/0000028-2,
376,,2014-0.260.524-9,
377,"RETIFICAÇÃO da PORTARIA Nº 01/SP-SB/GAB/2016, DOC de 23/01/2016, pg. 16",,
378,SISTEMA MUNICIPAL DE PROCESSOS - SIMPROC COMUNIQUE-SE: EDITAL 2016-1-015,2014-0.103.696-8,
379,,,
380,DESPACHO PA nº 2014-0.218.407-3,2014-0.218.407-3,"3.348,34"
381,DESPACHO DA DIRETORIA DE GESTÃO DE PESSOAS - DGP,2016-0.014.437-0,
382,CONVOCAÇÃO,,
383,DIRETORIA REGIONAL DE EDUCAÇÃO - PENHA,2015-0.204.163-0,
384,SUBDIVISÃO DE CADASTRO DE IMÓVEIS - CENTRO-NORTE-OESTE/DICI 3,2015-0.298.002-5,
385,,2015-0.191.849-0,
386,,2013-0.374.265-5,
387,DIRETORIA REGIONAL DE EDUCAÇÃO - SÃO MIGUEL,2015-0.217.420-7,
388,SISTEMA MUNICIPAL DE PROCESSOS - SIMPROC DESPACHOS: LISTA 2016-2-015,2014-0.064.170-1,
389,,2014.0.305.622-2,
390,P.A. 2015-0.184.538-8,2015-0.184.538-8,
391,PROCESSO: 2015-0.252.519-0,2015-0.252.519-0,
392,FÉRIAS DEFERIDAS,,
393,AUXILIO ALIMENTAÇÃO  SUBPREFEITURA SANTO AMARO,2016-0.018.761-3,
394,DIVISÃO DE RECURSOS HUMANOS/ CONAE 2,2015-0.306.761-7,
395,DESPACHO DO SECRETÁRIO,,
396,SISTEMA MUNICIPAL DE PROCESSOS - SIMPROC DESPACHOS: LISTA 2016-2-015,2014-0.336.923-9,
397,Processo Eletrônico nº6074.2016/0000033-9,6074.2016/0000033-9,
398,TERMO DE ADITAMENTO Nº 30/SPCV/2015,2010-0.213.866-0,"74.220,24"
399,,,
400,PAUTA DE JULGAMENTO DA 3ª Câmara Julgadora,6017.2015/0000676-8,
401,DIRETORIA REGIONAL DE EDUCAÇÃO  - ITAQUERA,,
402,GRATIFICAÇÃO DE FUNÇÃO,,
403,DIVISÃO TÉCNICA DE SUPRIMENTOS  SMS.3,2015-0.248.089-8,
404,SISTEMA MUNICIPAL DE PROCESSOS - SIMPROC COMUNIQUE-SE: EDITAL 2016-1-015,2013-0.033.668-0,
405,,2012-0.074.450-7,"3.884,26"
406,,2015-0.159.969-7,
407,,,
408,DESPACHO PA nº 2014-0.017.226-4,2014-0.017.226-4,"2.107.213,81"
409,Processo Eletrônico nº 6074.2016/0000036-3,6074.2016/0000036-3,
410,COORDENADORIA DE PROJETOS E OBRAS,,
411,NOTIFICAÇÃO,2015-0.220.511-0,
412,,2016-0.008.477-6,"3.500,00"
413,DIVISÃO DE CERTIDÕES   DIVCE,2015-0.316.761-1,
414,COORDENADORIA DE ADMINISTRAÇÃO E FINANÇAS  COAFI,,
415,DIRETORIA REGIONAL DE EDUCAÇÃO - GUAIANASES,2015-0.341.06-0,
416,HOSPITAL DR. FERNANDO MAURO PIRES DA ROCHA,,
417,DESPACHO DO PREFEITO ,,
418,C.P.D.U.,,
419,PROCESSO: 2003-0.308.976-4,2003-0.308.976-4,
420,LIBERAÇÕES DE VEÍCULOS,2016-0.015.684-0,
421,Processo Eletrônico nº 6074.2016/0000042-8,6074.2016/0000042-8,
422,"RETIFICAÇÃO DA PUBLICAÇÃO NO DOC de 27/01/2016, páginas 45 e 46",2016-0.009.471-2,
423,,2016-0.008.486-5,"2.817.000,00"
424,SISTEMA MUNICIPAL DE PROCESSOS - SIMPROC DESPACHOS: LISTA 2016-2-015,2014-0.313.296-4,
425,,2015-0.324.606-6,
426,DESPACHO DO CHEFE DE GABINETE ,,
427,"PORTARIA  Nº 07, DE 27 DE JANEIRO DE 2016.",,
428,"RELAÇÃO DE ADICIONAIS POR TEMPO DE SERVIÇO NOS TERMOS DO ARTIGO 112, DA LEI 8989/79",,
429,PROGRAMA DE ESTÁGIO REMUNERADO  SP Negócios S/A,,
430,,,
431,DIRETORIA REGIONAL DE EDUCAÇÃO - SANTO AMARO,,
432,DIRETORIA REGIONAL DE EDUCAÇÃO - SÃO MIGUEL,,
433,ABONO DE PERMANÊNCIA,,
434,Processo Eletrônico nº6074.2016/0000044-4,6074.2016/0000044-4,
435,Processo Eletrônico nº 6074.2016/0000040-1,6074.2016/0000040-1,
436,SISTEMA MUNICIPAL DE PROCESSOS - SIMPROC DESPACHOS: LISTA 2016-2-015,2016-0.018.101-1,
437,COMUNIQUE-SE,2015-0.281.261-0,
438,DESPACHO,2015.0.244.9,
439,DIRETORIA REGIONAL DE EDUCAÇÃO - SANTO AMARO,,
440,OMISSÃO DA PUBLICAÇÃO DO DOC DE 28/06/2015,,
441,SISTEMA MUNICIPAL DE PROCESSOS - SIMPROC DESPACHOS: LISTA 2016-2-015,2013-0.300.935-4,
442,SISTEMA MUNICIPAL DE PROCESSOS - SIMPROC COMUNIQUE-SE: EDITAL 2016-1-015,2014-0.177.315-6,
443,SISTEMA MUNICIPAL DE PROCESSOS - SIMPROC DESPACHOS: LISTA 2016-2-015,2015-0.289.220-7,
444,D E S P A C H O,,"2.445.000,00"
445,SISTEMA MUNICIPAL DE PROCESSOS - SIMPROC DESPACHOS: LISTA 2016-2-015,2015-0.254.924-3,
446,Processo Eletrônico nº 6074.2016/0000047-9,6074.2016/0000047-9,
447,SISTEMA MUNICIPAL DE PROCESSOS - SIMPROC COMUNIQUE-SE: EDITAL 2016-1-015,2014-0.093.491-1,
448,DIRETORIA REGIONAL DE EDUCAÇÃO - FREGUESIA/BRASILANDIA,,
449,"COMUNICADO nº 02/2016  DA COMISSÃO ESPECIAL DA PORTARIA SF Nº 156/2012, ALTERADA PELAS PORTARIAS SF Nº 248/2014 E Nº 37/2015  PROGRESSÃO FUNCIONAL - APROVAÇÃO NO ESTÁGIO PROBATÓRIO",,
450,"CONVOCAÇÃO PARA ATENDIMENTO DO PLANTÃO DE 01/02/2016 À 08/02/2016, EM ATENDIMENTO ÀS PORTARIAS Nº 325/SAR/92 Nº 2.457/SAR/94 E A DE Nº 3.005/SAR-GAB/98.",,
451,DIVISÃO MÉDICA - DESS - 1,,
452,,2015-0.046.745-2,
453,ATA DE REUNIÃO ORDINÁRIA DO CONSELHO PARTICIPATIVO DA SUBPREFEITURA DO DISTRITO DA PENHA.,,
454,DIVISÃO DE GESTÃO DE PESSOAS,2016-0.005.606-3,
455,,,
456,REMOÇAO,,
457,BENS PATRIMONIAIS DISPONÍVEIS PARA TRANSFERÊNCIA,,
458,Processo Eletrônico nº6074.2016/0000029-0,6074.2016/0000029-0,
459,DIVISÃO DE LANÇAMENTO COBRANÇA E PARCELAMENTO  DICOP,2014-0.325.143-2,
460,DIRETORIA REGIONAL DE EDUCAÇÃO - SÃO MATEUS,,
461,,,
462,"Fábio Santos dos Santos  SUBPREFEITO DA SUBPREFEITURA SÃO MATEUS, no uso das atribuições que lhes são conferidas por lei, torna - se publico;",,
463,,2014-0.291.403-9,
464,DIRETORIA REGIONAL DE EDUCAÇÃO  - ITAQUERA,,
465,EDITAL,,
466,COMISSÃO MUNICIPAL DE CONTROLE DE PREÇOS PARA MATERIAIS - COMPREM,,
467,PROCED RAT,2014-0.284.956-3,
468,DESPACHO PA nº 2014-0.237.772-6,2014-0.237.772-6,"40.000,00"
469,,2015-0.317.522-3,
470,SUBSTITUIÇAO,2013-0.196.306-9,
471,SISTEMA MUNICIPAL DE PROCESSOS - SIMPROC COMUNIQUE-SE: EDITAL 2016-1-015,2014-0.264.096-6,
472,,,
473,SISTEMA MUNICIPAL DE PROCESSOS - SIMPROC COMUNIQUE-SE: EDITAL 2016-1-015,2013-0.270.406-7,
474,SISTEMA MUNICIPAL DE PROCESSOS - SIMPROC COMUNIQUE-SE: EDITAL 2016-1-015,2016-0.002.135-9,
475,DESPACHOS DA COORDENADORIA REGIONAL DE SAÚDE SUDESTE,2016-0.014.547-3,"2.000,00"
476,OPÇÃO DE INCLUSÃO NA BASE DE CONTRIBUIÇÃO DO RPPS,,
477,DIVISÃO DE RECURSOS HUMANOS/ CONAE 2,2016-0.013.478-1,
478,Processo Eletrônico nº 6074.2016/0000041-0,6074.2016/0000041-0,
479,SISTEMA MUNICIPAL DE PROCESSOS - SIMPROC COMUNIQUE-SE: EDITAL 2016-1-015,2015-0.057.827-0,
480,,,
481,EDITAL COMTRAE Nº 001/ DE 28 DE JANEIRO DE 2015,07420613/0001-2,
482,DESPACHO DO GABINETE,2015-0.190.010-9,
483,,,
484,REMANEJAMENTOS,,
485,PORTARIAS EXPEDIDAS PELO SECRETÁRIO,,
486,,,
487,Processo Eletrônico nº 6074.2016/0000048-7,6074.2016/0000048-7,
488,SISTEMA MUNICIPAL DE PROCESSOS - SIMPROC DESPACHOS: LISTA 2016-2-015,2014-0.348.494-1,
489,DEPARTAMENTO DE DÍVIDAS PÚBLICAS - DEDIP,6017.2016/0000643-3,
490,SUBGERÊNCIA DE VIGILÂNCIA DE SERVIÇOS DE SAÚDE,2015-0.291.411-1,
491,DESPACHO DO CHEFE DE GABINETE,,
492,SECRETARIA MUNICIPAL DE FINANÇAS E DESENVOLVIMENTO ECONÔMICO,2015-0.121.377-2,
493,COMUNICADO 026/EMASP/2016,,
494,DESPACHO PA nº 2015-0.211.619-3,2015-0.211.619-3,"21.340,00"
495,PORTARIA nº 008/SP-MO/GAB/2016,,
496,HOSPITAL MUNICIPAL PROFESSOR DOUTOR ALIPIO CORREA NETTO													,,
497,TID 13233283,,
498,DIRETORIA REGIONAL DE EDUCAÇÃO - PENHA,,
499,COORDENADORIA REGIONAL DE SAUDE NORTE,,
500,Processo n.º 2014-0.266.254-4 - Interessado: MARIA RITA PACHECO AZEVEDO,2014-0.266.254-4,
501,GCCZ - SUBGERENCIA VISTORIA ZOOSSANITÁRIA,2014-0.356.756-1,"500,00"
502,SISTEMA MUNICIPAL DE PROCESSOS - SIMPROC DESPACHOS: LISTA 2016-2-015,2015-0.031.826-0,"160,00"
503,SISTEMA MUNICIPAL DE PROCESSOS - SIMPROC DESPACHOS: LISTA 2016-2-015,2013-0.173.927-4,
504,DESPACHO DO SUBPREFEITO,,
505,Prorrogação de Cessão,2015-0.222.612-6,"135.841,74"
506,DESPACHOS DO CHEFE DE GABINETE,,
507,ABONO DE PERMANÊNCIA- DEFERIDO,2013-0.259.418-0,
508,SISTEMA MUNICIPAL DE PROCESSOS - SIMPROC DESPACHOS: LISTA 2016-2-015,2014-0.352.761-6,
509,TORNANDO INSUBSISTENTE,,
510,Expediente AHSP/DPH/2016-05,,
511,DIVISÃO DE BENEFÍCIOS,2015-0.091.774-1,
512,DIRETORIA REGIONAL DE EDUCAÇÃO - JAÇANÃ/TREMEMBÉ,,
513,,,
514,Processo Eletrônico nº 6074.2016/0000023-1,6074.2016/0000023-1,
515,,,
516,SF-DEPARTAMENTO DE FISCALIZAÇÃO DO SETOR DE SERVIÇOS 2  DISER2.,,
517,DIRETORIA REGIONAL DE EDUCAÇÃO - FREGUESIA/BRASILÂNDIA,,
518,PUBLICAÇÃO Nº 028 /CMDCA/2016,,
519,DIRETORIA REGIONAL DE EDUCAÇÃO - GUAIANASES,2015-0.284.023-1,
520,ALTERAÇÃO DE E.H PARA FINS DE ACERTO,,
521,DESPACHOS DA PRESIDENTE DO CONSELHO MUNICIPAL DE TRIBUTOS,2014-0.166.000-9,
522,DIRETORIA REGIONAL DE EDUCAÇÃO - PIRITUBA,2015-0.333.394-5,
523,SISTEMA MUNICIPAL DE PROCESSOS - SIMPROC COMUNIQUE-SE: EDITAL 2016-1-015,2014-0.269.977-4,
524,,2013-0.322.270-8,
525,Processo Eletrônico nº 6074.2016/0000024-0,6074.2016/0000024-0,
526,DIVISÃO DE RECURSOS HUMANOS/ CONAE 2,2015-0.166.428-6,
527,SISTEMA MUNICIPAL DE PROCESSOS - SIMPROC DESPACHOS: LISTA 2016-2-015,2016-0.012.502-2,
528,COMISSÃO DE JULGAMENTO DE CADASTRO-CJCAD/SIURB,2015-0.290.731-0,
529,DESPACHO DA CHEFE DE GABINETE,,
530,SUPERVISÃO DE GESTÃO DE PESSOAS  SUGESP,,
531,CONVOCAÇÃO - SUPERVISÃO DE FINANÇAS,2011-0.141.299-9,
532,,,
533,DESPACHOS DO PRESIDENTE DO CONSELHO MUNICIPAL DE TRIBUTOS,2014-0.045.167-8,
534,DESPACHOS DA SUPERVISORA,,
535,DESPACHO DO CHEFE DE GABINETE ,,
536,DESPACHO DO SECRETÁRIO,2015-0.136.520-3,
537,DESPACHOS DA PRESIDENTE DO CONSELHO MUNICIPAL DE TRIBUTOS,2014-0.121.290-1,
538,,,
539,,2016-0.004.719-6,"7.700.000,00"
540,PORTARIA DE RETIFICAÇÃO Nº 031/2016,,
541,INTERRUPÇÃO DE FÉRIAS,,
542,REPUBLICAÇÃO DE NOTIFICAÇÕES,2012-0.138.684-1,
543,DIRETORIA REGIONAL DE EDUCAÇÃO  IPIRANGA,,
544,,2016-0.006.150-4,"154.400,00"
545,,2013-0.151.561-9,
546,,2011-0.258.124-7,"20.000,00"
547,,,
548,Processo Eletrônico nº6074.2016/0000031-2,6074.2016/0000031-2,
549,DIVISÃO DE RECURSOS HUMANOS/ CONAE 2,,
550,EDITAL   DE   DESPACHO       ,2012-0.307.533-9,
551,DIRETORIA REGIONAL DE EDUCAÇÃO  SAO MATEUS,,
552,SISTEMA MUNICIPAL DE PROCESSOS - SIMPROC DESPACHOS: LISTA 2016-2-015,2015-0.104.137-8,
553,DIRETORIA REGIONAL DE EDUCAÇÃO  ITAQUERA,2016-0.014.537-6,
554,DIRETORIA REGIONAL DE EDUCAÇÃO  SÃO MIGUEL,,
555,SUBPREFEITURA PIRITUBA/JARAGUÁ,,
556,Processo Eletrônico nº 6074.2016/0000053-3,6074.2016/0000053-3,
557,PUBLICAÇÃO Nº 027/CMDCA-SP/2016,,
558,SISTEMA MUNICIPAL DE PROCESSOS - SIMPROC COMUNIQUE-SE: EDITAL 2016-1-015,2014-0.001.283-6,
559,,2015-0.267.054-9,
560,DESPACHO PA nº 2014-0.284.604-1,2014-0.284.604-1,"9.743,17"
561,DIRETORIA REGIONAL DE EDUCAÇÃO  ITAQUERA,,
562,SISTEMA MUNICIPAL DE PROCESSOS - SIMPROC COMUNIQUE-SE: EDITAL 2016-1-015,2012-0.316.077-8,
563,DIRETORIA REGIONAL DE EDUCAÇÃO  PENHA,2015-0.338.965-7,
564,SISTEMA MUNICIPAL DE PROCESSOS - SIMPROC DESPACHOS: LISTA 2016-2-015,2015-0.187.838-3,
565,DIRETORIA REGIONAL DE EDUCAÇÃO - JAÇANÃ TREMEMBÉ,,
566,SISTEMA MUNICIPAL DE PROCESSOS - SIMPROC DESPACHOS: LISTA 2016-2-015,2016-0.018.102-0,
567,COSAN  Expedição do  Termo de Permissão de Uso Central de Abastecimento Pátio do Pari.,2014-0.009.797-1,
568,,,
569,DESPACHOS DO SECRETÁRIO MUNICIPAL DE RELAÇÕES GOVERNAMENTAIS,,
570,Processo Administrativo n° 2014-0.321.868-0,2014-0.321.868-0,"500.000,00"
571,HOSPITAL MUNICIPAL PROFESSOR DOUTOR ALIPIO CORREA NETTO,,
572,DIRETORIA REGIONAL DE EDUCAÇÃO - ITAQUERA,2016-0.012.414-0,
573,SISTEMA MUNICIPAL DE PROCESSOS - SIMPROC COMUNIQUE-SE: EDITAL 2016-1-015,2013-0.263.549-9,
574,Processo Eletrônico nº6074.2016/0000025-8,6074.2016/0000025-8,
575,DIVISÃO DE RECURSOS HUMANOS/ CONAE 2,2015-0.225.888-5,
576,RETIFICAÇÃO DE DESPACHO PUBLICADO NO DOC DE 27/01/16,,
577,PORTARIA SMC Nº 04/2016/2016.,,
578,DIRETORIA REGIONAL DE EDUCAÇÃO - FREGUESIA/BRASILÂNDIA,,
579,DIVISÃO DE EPIDEMIOLOGIA E INFORMAÇÃO - DESS  2,,
580,OMISSÃO DE SOLEIRA,,
581,SUPERVISÃO DE FINANÇAS,2002-0.291.327-5,"660.003,24"
582,,,
583,AUTARQUIA HOSPITALAR MUNICIPAL,,
584,,2015-0.320.110-0,
585,PROCED ,,
586,,2011-0.019.580-3,"634.986,73"
587,SISTEMA MUNICIPAL DE PROCESSOS - SIMPROC COMUNIQUE-SE: EDITAL 2016-1-015,2015-0.193.811-4,
588,SISTEMA MUNICIPAL DE PROCESSOS - SIMPROC COMUNIQUE-SE: EDITAL 2016-1-015,2013-0.311.558-8,
589,LICENÇA MÉDICA Servidor Filiado ao RGPS,,
590,Processo Eletrônico nº 6074.2016/0000049-5,6074.2016/0000049-5,
591,DIRETORIA REGIONAL DE EDUCAÇÃO - PIRITUBA,,
592,,,
593,"PORTARIA  Nº 06/SMSP           , DE 27         DE      Janeiro         DE 2016.",,
594,COORDENAÇÃO DE GESTÃO DE PESSOAS - CGP,2006-0.067.387-8,
595,SISTEMA MUNICIPAL DE PROCESSOS - SIMPROC COMUNIQUE-SE: EDITAL 2016-1-015,2015-0.299.772-6,
596,DEPARTAMENTO HOSPITALAR MUNICIPAL TIDE SETUBAL,,
597,SISTEMA MUNICIPAL DE PROCESSOS - SIMPROC DESPACHOS: LISTA 2016-2-015,2016-0.018.096-1,
598,NOTIFICAÇÃO,2015-0.243.302-4,
599,SISTEMA MUNICIPAL DE PROCESSOS - SIMPROC DESPACHOS: LISTA 2016-2-015,2016-0.018.097-0,
600,,2014-0.252.722-1,
601,APOSENTADORIA,2016-0.003.195-8,
602,INDENIZAÇÃO,2016-0.013.387-4,
603,Processo Eletrônico nº 6074.2016/0000051-7,6074.2016/0000051-7,
604,COORDENADORIA DE PROJETOS E OBRAS  SUPERVISÃO TÉCNICA DE LIMPEZA PÚBLICA.,,
605,SISTEMA MUNICIPAL DE PROCESSOS - SIMPROC DESPACHOS: LISTA 2016-2-015,2016-0.018.094-5,
606,COORDENADORIA REGIONAL DE SAÚDE NORTE,,
607,,,
608,DIRETORIA REGIONAL DE EDUCAÇÃO - FREGUESIA/BRASILANDIA,2015-0.286.631-1,
609,EMPRESA DE CINEMA E AUDIOVISUAL DE SÃO PAULO S.A.,,
610,SISTEMA MUNICIPAL DE PROCESSOS - SIMPROC COMUNIQUE-SE: EDITAL 2016-1-015,2012-0.342.426-0,
611,FÉRIAS DEFERIDAS,,
612,DESPACHO DO SUBPREFEITO E DO PREFEITO ,,
613,GABINETE DO SUBPREFEITO,,
614,PROCED GAB,2014-0.346.011-2,
615,EDITAL  DE  COMUNIQUE-SE     ,,
616,Processo Eletrônico nº 6074.2016/0000026-6,6074.2016/0000026-6,
617,OMISSÃO DE PUBLICAÇÃO,2015-0.117.574-9,"999,00"
618,"PORTARIA  Nº 2,DE 27 DE janeiro DE 2016",,
619,RELATÓRIO DE INVESTIMENTOS EM PUBLICIDADE REFERENTES AO 2º SEMESTRE DE 2015  BASEADO EM LIQUIDAÇÕES OCORRIDAS NO PERÍODO.,,
620,,2015-0.340.928-3,
621,PROCESSO: 2010-0.041.507-0,2010-0.041.507-0,
622,SUPERVISÃO DE VIGILÂNCIA EM SAÚDE VILA MARIANA/JABAQUARA,2015-0.240.075-4,
623,PROCESSOS DE ADIANTAMENTOS APROVADOS PELA TITULAR DA UNIDADE DE EXECUÇÃO ORÇAMENTÁRIA E FINANCEIRA:,2015-0.224.227-0,
624,"Fábio Santos dos Santos  SUBPREFEITO DA SUBPREFEITURA SÃO MATEUS, no uso das atribuições que lhes são conferidas por lei, torna - se publico;",,
625,,2014-0.341.786-1,
626,"PORTARIA 31, DE 27 DE JANEIRO DE 2016",,
627,PENALIDADE,,
628,,2013-0.370.661-6,"2.337,23"
629,SISTEMA MUNICIPAL DE PROCESSOS - SIMPROC DESPACHOS: LISTA 2016-2-015,2016-0.005.928-3,
630,,2006.0.005.129-0,"738,56"
631,PORTARIA EXPEDIDA PELO PRESIDENTE,,
632,SISTEMA MUNICIPAL DE PROCESSOS - SIMPROC COMUNIQUE-SE: EDITAL 2016-1-015,2013-0.042.345-1,
633,2014-0.307.199-0,2014-0.307.199-0,"1.247,21"
634,DIVISÃO DE RECURSOS HUMANOS/ CONAE 2,2015-0.233.866-8,
635,SISTEMA MUNICIPAL DE PROCESSOS - SIMPROC DESPACHOS: LISTA 2016-2-015,2014-0.266.460-1,
636,RETIFICAÇÃO DE PUBLICAÇÃO - DOC. DE 27/01/2016 PAG. 26,2010-0.346.493-5,
637,TID: 14580628,2008-0.313.346-0,"11.462.383,89"
638,,2016-0.011.523-0,"41.747,42"
639,DESPACHO DO SECRETÁRIO,2007-0.110.965-0,"265.753,09"
640,,7510.2016/0000001-2,
641,DESPACHO DO CHEFE DE GABINETE ,,
642,DIRETORIA REGIONAL DE EDUCAÇÃO - SÃO MIGUEL,,
643,DESPACHO,2015-0.316.653-4,"5.000,00"
644,COORDENADORIA REGIONAL DE SAÚDE SUDESTE/SUPERVISÃO TÉCNICA DE SAÚDE VILA MARIANA/JABAQUARA,,
645,Renovação do contrato Nº01/SMC-CCJ/2015. Prestação de serviços de copeiragem com fornecimento de insumos para o Centro Cultural da Juventude Ruth Cardoso.,2014.0.273.479-0,"84.585,47"
646,DEFERIMENTO DE FÉRIAS  JANEIRO/2016,,
647,DIRETORIA REGIONAL DE EDUCAÇÃO - CAPELA DO SOCORRO,,
648,Solicitação para poda e/ou corte/transplante de árvores da Supervisão Técnica de Limpeza Pública:,,
649,"Portaria nº 05, de 27 de janeiro de 2016.",2009-0.233.431-6,
650,do Memo SMRIF/028/2016,2016-0.018.759-1,"257,91"
651,,2015-0.312.012-7,
652,,,
653,DESPACHO DO SUBPREFEITO,2015-0.305.820-0,
654,SUPERVISÃO DE GESTÃO DE PESSOAS SGAF -3 SEHAB,,
655,,2013-0.380.576-2,
656,,,
657,COMANDO OPERACIONAL SUL,,
658,DIRETORIA REGIONAL DE EDUCAÇÃO - ITAQUERA,,
659,Processo Eletrônico nº 6074.2016/0000035-5,6074.2016/0000035-5,
660,,2014-0.346.685-4,
661,DESPACHO: VERBA DE ADIANTAMENTO,2015-0.205.391-4,"1.500,00"
662,SISTEMA MUNICIPAL DE PROCESSOS - SIMPROC DESPACHOS: LISTA 2016-2-015,2014-0.143.375-4,
663,"DECRETO  Nº 56.782, DE  27  DE  JANEIRO  DE  2016",2015-0.290.098-6,
664,,,
665,QUADRO DE ANALISTAS DA ADMINISTRAÇÃO PÚBLICA MUNICIPAL - QAA,,
666,DIRETORIA REGIONAL DE EDUCAÇÃO - PIRITUBA,,
667,Processo Eletrônico nº6074.2016/0000046-0,6074.2016/0000046-0,
668,DESPACHOS DO CHEFE DE GABINETE,,
669,Processo Eletrônico nº 6074.20160000054-1,,
670,NOTIFICAÇÃO,2014-0.292.039-0,
671,DESPACHOS DO SECRETÁRIO,2015-0.270.472-9,
672,SISTEMA MUNICIPAL DE PROCESSOS - SIMPROC COMUNIQUE-SE: EDITAL 2016-1-015,2015-0.159.472-5,
673,DESPACHO,,
674,SISTEMA MUNICIPAL DE PROCESSOS - SIMPROC COMUNIQUE-SE: EDITAL 2016-1-015,2014-0.066.198-2,
675,SISTEMA MUNICIPAL DE PROCESSOS - SIMPROC COMUNIQUE-SE: EDITAL 2016-1-015,2014-0.143.320-7,
676,DESPACHO,2015-0.337.457-9,"1.852.960,00"
677,COORDENADORIA DE PLANEJAMENTO E DESENVOLVIMENTO URBANO,2016-0.012.843-9,
678,Prorrogação de Cessão,2015-0.222.602-9,"97.581,41"
679,,2013-0.254.433-7,
680,Processo Eletrônico nº 6074.2016/0000045-2,6074.2016/0000045-2,
681,DIVISÃO DE PERÍCIA MÉDICA - DESS - 1,,
682,DIRETORIA REGIONAL DE EDUCAÇÃO - BUTANTÃ,,
683,DESPACHO DO CHEFE DE GABINETE ,,
684,DIRETORIA REGIONAL DE EDUCAÇÃO - IPIRANGA,,
685,QUADRO DE ANALISTAS DA ADMINISTRAÇÃO PÚBLICA MUNICIPAL - QAA,,
686,SISTEMA MUNICIPAL DE PROCESSOS - SIMPROC COMUNIQUE-SE: EDITAL 2016-1-015,2015-0.090.655-3,
687,DISCORDÂNCIA DO COMUNICADO CADIN N. 469.938/2014,2014-0.209.054-0,
688,,2016-0.016.637-3,
689,SECRETARIA MUNICIPAL DE FINANÇAS E DESENVOLVIMENTO ECONÔMICO,,
690,COORDENAÇÃO DE GESTÃO DE PESSOAS - CGP,,
691,DIRETORIA REGIONAL DE EDUCAÇÃO  IPIRANGA,,
692,"COMUNICADO nº 01/2016  DA COMISSÃO ESPECIAL DA PORTARIA SF Nº 156/2012, ALTERADA PELAS PORTARIAS SF Nº 248/2014 E Nº 37/2015  AVALIAÇÃO ANUAL DE ATUAÇÃO E POTENCIAL DA CARREIRA DE AUDITOR-FISCAL TRIBUTÁRIO MUNICIPAL EXERCÍCIO 2015",,
693,DESPACHOS DA PRESIDENTE DO CONSELHO MUNICIPAL DE TRIBUTOS,2013-0.379.492-2,
694,SISTEMA MUNICIPAL DE PROCESSOS - SIMPROC DESPACHOS: LISTA 2016-2-015,2014-0.317.577-9,
695,PUBLICAÇÃO Nº 026/CMDCA-SP/2016,,
696,,2015-0.216.880-0,
697,Processo Eletrônico nº6074.2016/0000027-4,6074.2016/0000027-4,
698,,,
699,Processo Eletrônico nº 6074.2016/0000037-1,6074.2016/0000037-1,
700,COORDENADORIA REGIONAL DE SAÚDE SUDESTE,2014-0.079.915-1,
701,,2015-0.218.431-8,
702,COORDENAÇÃO DE GESTÃO DE PESSOAS - CGP,2015-0.323.706-7,
703,LICENÇA MÉDICA - RGPS,,
704,Processo Eletrônico nº 6074.2016/0000050-9,6074.2016/0000050-9,
705,DIRETORIA REGIONAL DE EDUCAÇÃO - PIRITUBA,2016-0.010.708-3,
